psf_index,grid_row,grid_col,render_flat_index,sensor_grid_row,sensor_grid_col,sensor_y_mm,sensor_x_mm,in_archived_rgb_subset
0,0,0,0,256,0,-0.75,-0.75,1
1,0,1,32,224,0,-0.5625,-0.75,1
2,0,2,64,192,0,-0.375,-0.75,1
3,0,3,96,160,0,-0.1875,-0.75,1
4,0,4,128,128,0,0,-0.75,1
5,0,5,160,96,0,0.1875,-0.75,0
6,0,6,192,64,0,0.375,-0.75,0
7,0,7,224,32,0,0.5625,-0.75,0
8,0,8,256,0,0,0.75,-0.75,0
9,1,0,8224,256,32,-0.75,-0.5625,1
10,1,1,8256,224,32,-0.5625,-0.5625,1
11,1,2,8288,192,32,-0.375,-0.5625,1
12,1,3,8320,160,32,-0.1875,-0.5625,1
13,1,4,8352,128,32,0,-0.5625,1
14,1,5,8384,96,32,0.1875,-0.5625,0
15,1,6,8416,64,32,0.375,-0.5625,0
16,1,7,8448,32,32,0.5625,-0.5625,0
17,1,8,8480,0,32,0.75,-0.5625,0
18,2,0,16448,256,64,-0.75,-0.375,1
19,2,1,16480,224,64,-0.5625,-0.375,1
20,2,2,16512,192,64,-0.375,-0.375,1
21,2,3,16544,160,64,-0.1875,-0.375,1
22,2,4,16576,128,64,0,-0.375,1
23,2,5,16608,96,64,0.1875,-0.375,0
24,2,6,16640,64,64,0.375,-0.375,0
25,2,7,16672,32,64,0.5625,-0.375,0
26,2,8,16704,0,64,0.75,-0.375,0
27,3,0,24672,256,96,-0.75,-0.1875,1
28,3,1,24704,224,96,-0.5625,-0.1875,1
29,3,2,24736,192,96,-0.375,-0.1875,1
30,3,3,24768,160,96,-0.1875,-0.1875,1
31,3,4,24800,128,96,0,-0.1875,1
32,3,5,24832,96,96,0.1875,-0.1875,0
33,3,6,24864,64,96,0.375,-0.1875,0
34,3,7,24896,32,96,0.5625,-0.1875,0
35,3,8,24928,0,96,0.75,-0.1875,0
36,4,0,32896,256,128,-0.75,0,1
37,4,1,32928,224,128,-0.5625,0,1
38,4,2,32960,192,128,-0.375,0,1
39,4,3,32992,160,128,-0.1875,0,1
40,4,4,33024,128,128,0,0,1
41,4,5,33056,96,128,0.1875,0,0
42,4,6,33088,64,128,0.375,0,0
43,4,7,33120,32,128,0.5625,0,0
44,4,8,33152,0,128,0.75,0,0
45,5,0,41120,256,160,-0.75,0.1875,0
46,5,1,41152,224,160,-0.5625,0.1875,0
47,5,2,41184,192,160,-0.375,0.1875,0
48,5,3,41216,160,160,-0.1875,0.1875,0
49,5,4,41248,128,160,0,0.1875,0
50,5,5,41280,96,160,0.1875,0.1875,0
51,5,6,41312,64,160,0.375,0.1875,0
52,5,7,41344,32,160,0.5625,0.1875,0
53,5,8,41376,0,160,0.75,0.1875,0
54,6,0,49344,256,192,-0.75,0.375,0
55,6,1,49376,224,192,-0.5625,0.375,0
56,6,2,49408,192,192,-0.375,0.375,0
57,6,3,49440,160,192,-0.1875,0.375,0
58,6,4,49472,128,192,0,0.375,0
59,6,5,49504,96,192,0.1875,0.375,0
60,6,6,49536,64,192,0.375,0.375,0
61,6,7,49568,32,192,0.5625,0.375,0
62,6,8,49600,0,192,0.75,0.375,0
63,7,0,57568,256,224,-0.75,0.5625,0
64,7,1,57600,224,224,-0.5625,0.5625,0
65,7,2,57632,192,224,-0.375,0.5625,0
66,7,3,57664,160,224,-0.1875,0.5625,0
67,7,4,57696,128,224,0,0.5625,0
68,7,5,57728,96,224,0.1875,0.5625,0
69,7,6,57760,64,224,0.375,0.5625,0
70,7,7,57792,32,224,0.5625,0.5625,0
71,7,8,57824,0,224,0.75,0.5625,0
72,8,0,65792,256,256,-0.75,0.75,0
73,8,1,65824,224,256,-0.5625,0.75,0
74,8,2,65856,192,256,-0.375,0.75,0
75,8,3,65888,160,256,-0.1875,0.75,0
76,8,4,65920,128,256,0,0.75,0
77,8,5,65952,96,256,0.1875,0.75,0
78,8,6,65984,64,256,0.375,0.75,0
79,8,7,66016,32,256,0.5625,0.75,0
80,8,8,66048,0,256,0.75,0.75,0
